City_ID,City,Lat,Lng,Max Temp,Humidity,Cloudiness,Wind Speed,Country,Date
0,tiksi,71.6872,128.8694,269.6,86,100,1.47,RU,1696439051
1,cidreira,-30.1811,-50.2056,294.1,82,98,4.29,BR,1696439051
2,lycksele,64.5954,18.6735,279.5,100,100,0.0,SE,1696439052
3,ribeira grande,38.5167,-28.7,296.37,94,40,4.92,PT,1696439052
4,nova sintra,14.8667,-24.7167,298.26,69,91,0.95,CV,1696439052
5,luanda,-8.8368,13.2343,300.15,69,20,5.66,AO,1696439052
6,port macquarie,-31.4333,152.9167,289.2,63,94,3.32,AU,1696439052
7,flin flon,54.7682,-101.865,283.06,81,40,1.54,CA,1696439052
8,mejit,10.2753,170.8646,301.54,72,100,7.42,MH,1696439052
9,zaozersk,69.4005,32.4476,273.48,81,82,3.62,RU,1696439053
10,aasiaat,68.7098,-52.8699,269.92,67,16,2.99,GL,1696439053
11,el nido,11.1858,119.3956,300.69,82,100,4.68,PH,1696439053
12,waitangi,-43.9535,-176.5597,283.61,89,100,5.36,NZ,1696439053
13,iqaluit,63.7506,-68.5145,274.0,69,75,2.06,CA,1696438814
14,port-aux-francais,-49.35,70.2167,274.61,76,56,16.98,TF,1696439054
15,dali,25.7,100.1833,289.84,95,11,2.04,CN,1696439054
16,papatowai,-46.5619,169.4708,283.01,93,97,3.0,NZ,1696439054
17,prince albert,53.2001,-105.7677,279.12,93,100,0.0,CA,1696438981
18,at-bashi,41.1702,75.8106,282.75,40,51,0.69,KG,1696439054
19,jamestown,42.097,-79.2353,300.92,58,40,3.58,US,1696439020
20,taoudenni,22.6783,-3.9836,311.6,11,1,6.41,ML,1696439055
21,letlhakeng,-24.0944,25.0298,298.62,13,24,3.72,BW,1696439055
22,mount pearl,47.5166,-52.7813,282.51,84,75,8.75,CA,1696439055
23,trat,12.5,102.5,296.38,96,90,0.51,TH,1696439055
24,sitka,57.0531,-135.33,282.09,87,75,0.0,US,1696439055
25,ilulissat,69.2167,-51.1,272.16,64,75,3.09,GL,1696439055
26,edinburgh of the seven seas,-37.0676,-12.3116,284.04,67,63,4.62,SH,1696439056
27,el calafate,-50.3408,-72.2768,281.83,65,88,5.35,AR,1696439056
28,harper,4.375,-7.7169,299.51,73,46,4.56,LR,1696439056
29,ad dawadimi,24.5077,44.3924,306.79,12,1,3.4,SA,1696438943
30,ad diwaniyah,31.9905,44.9306,302.2,36,29,8.44,IQ,1696439056
31,asia,9.5506,122.5164,299.79,83,99,1.04,PH,1696439056
32,constantia,44.1833,28.65,292.53,65,3,6.6,RO,1696439056
33,dapa,9.7594,126.0531,300.92,76,90,2.27,PH,1696439057
34,puerto ayora,-0.7393,-90.3518,299.13,93,94,1.34,EC,1696439057
35,adamstown,-25.066,-130.1015,293.73,73,100,8.71,PN,1696439057
36,itaituba,-4.2761,-55.9836,310.24,56,40,2.02,BR,1696439057
37,west island,-12.1568,96.8225,298.14,78,75,7.72,CC,1696439057
38,acapulco de juarez,16.8634,-99.8901,305.36,57,62,2.39,MX,1696438853
39,margaret river,-33.95,115.0667,284.91,93,19,2.99,AU,1696439057
40,nadvoitsy,63.8667,34.3167,281.52,93,100,5.39,RU,1696439058
41,bilibino,68.0546,166.4372,257.57,98,12,2.1,RU,1696439058
42,albany,42.6001,-73.9662,302.34,65,0,0.89,US,1696438901
43,dubbo,-32.25,148.6167,281.22,87,40,4.12,AU,1696438818
44,hawaiian paradise park,19.5933,-154.9731,295.95,85,0,3.6,US,1696439058
45,ushuaia,-54.8,-68.3,284.96,74,75,4.63,AR,1696438892
46,blackmans bay,-43.0167,147.3167,283.22,83,100,3.58,AU,1696439059
47,porto novo,6.4965,2.6036,303.05,77,91,3.42,BJ,1696439059
48,mogocha,53.7333,119.7667,275.79,52,78,1.79,RU,1696439059
49,grytviken,-54.2811,-36.5092,276.56,98,82,5.03,GS,1696439059
50,pantai remis,4.4557,100.6288,299.16,86,95,2.71,MY,1696439059
51,urangan,-25.3,152.9,295.03,87,1,6.26,AU,1696439060
52,mount airy,36.4993,-80.6073,299.63,58,40,2.57,US,1696438803
53,invercargill,-46.4,168.35,284.27,86,99,0.89,NZ,1696439060
54,puerto natales,-51.7236,-72.4875,285.4,43,40,15.43,CL,1696439060
55,susuman,62.7833,148.1667,272.03,73,49,1.34,RU,1696439060
56,kodiak,57.79,-152.4072,280.88,71,0,4.12,US,1696439060
57,tigwav,18.4314,-72.8669,304.18,62,72,0.94,HT,1696439060
58,usogorsk,63.4106,48.6872,282.96,89,100,4.07,RU,1696439061
59,egletons,45.4034,2.0507,288.1,55,93,1.54,FR,1696439061
60,puerto baquerizo moreno,-0.9,-89.6,297.7,88,100,6.69,EC,1696439061
61,port lincoln,-34.7333,135.8667,285.49,69,73,5.41,AU,1696439061
62,whitehorse,60.7161,-135.0538,272.58,68,75,2.06,CA,1696439054
63,carnarvon,-24.8667,113.6333,292.82,69,0,9.28,AU,1696439061
64,bethel,41.3712,-73.414,301.99,64,0,2.57,US,1696439062
65,olonkinbyen,70.9221,-8.7187,273.76,62,99,4.58,SJ,1696439062
66,kapuskasing,49.4169,-82.4331,298.2,50,75,7.2,CA,1696439062
67,port alfred,-33.5906,26.891,292.14,89,44,0.89,ZA,1696439062
68,nchelenge,-9.3451,28.734,299.75,46,72,1.51,ZM,1696439062
69,coahuayana de hidalgo,18.7,-103.6583,305.31,59,100,1.22,MX,1696439062
70,stanley,54.868,-1.6985,287.48,79,75,5.66,GB,1696439063
71,yatou,37.15,122.3833,290.17,38,100,8.49,CN,1696439063
72,yellowknife,62.456,-114.3525,280.6,95,75,4.63,CA,1696438561
73,richards bay,-28.783,32.0377,295.36,70,5,5.84,ZA,1696439063
74,ta`u,-14.2336,-169.5144,299.94,80,73,6.72,AS,1696439063
75,nadi,-17.8,177.4167,296.15,73,75,5.66,FJ,1696439064
76,valverde del camino,37.5751,-6.7543,299.28,25,93,2.88,ES,1696439064
77,dudinka,69.4058,86.1778,274.05,86,96,8.49,RU,1696438764
78,tazovsky,67.4667,78.7,272.77,82,99,4.09,RU,1696439064
79,gadzhiyevo,69.2551,33.3362,275.63,77,98,6.3,RU,1696439064
80,vershino-darasunskiy,52.35,115.5167,272.57,92,10,2.05,RU,1696439065
81,anadyr,64.75,177.4833,274.43,80,20,6.0,RU,1696439065
82,udachny,66.4167,112.4,271.18,92,100,11.73,RU,1696439066
83,talpa de allende,20.3833,-104.8167,293.5,96,100,0.95,MX,1696439066
84,contamana,-7.3333,-75.0167,312.59,28,48,2.65,PE,1696439066
85,isangel,-19.55,169.2667,294.81,76,81,8.48,VU,1696439066
86,corona,33.8753,-117.5664,303.82,38,0,8.05,US,1696439067
87,new norfolk,-42.7826,147.0587,283.87,98,100,1.37,AU,1696439067
88,kyshtovka,56.555,76.6271,283.34,48,100,4.47,RU,1696439068
89,bikenibeu village,1.3673,173.1241,300.13,89,75,3.09,KI,1696439071
90,san antonio de pale,-1.4014,5.6325,298.6,85,37,4.79,GQ,1696439072
91,vorgashor,67.5833,63.95,274.54,85,100,3.37,RU,1696439072
92,mugia,43.1041,-9.2179,296.57,81,76,0.98,ES,1696439073
93,christchurch,-43.5333,172.6333,284.77,72,99,3.6,NZ,1696438818
94,punta arenas,-53.15,-70.9167,283.21,57,75,16.46,CL,1696439079
95,ketchikan,55.3422,-131.6461,282.14,100,75,0.0,US,1696438807
96,val-d'or,48.1002,-77.7828,298.2,57,20,4.12,CA,1696439080
97,geraldton,-28.7667,114.6,285.38,82,0,3.09,AU,1696438954
98,petropavlovsk-kamchatsky,53.0452,158.6483,281.2,81,40,4.02,RU,1696439080
99,arraial do cabo,-22.9661,-42.0278,302.13,78,0,10.29,BR,1696438934
100,wailua homesteads,22.0669,-159.378,295.39,94,0,3.09,US,1696439080
101,sovetskaya gavan',48.9723,140.2878,283.76,60,100,2.18,RU,1696439080
102,santiago de cao,-7.9589,-79.2392,294.22,78,0,5.66,PE,1696439081
103,consolacion del sur,22.5047,-83.5136,303.87,61,30,4.79,CU,1696439081
104,ulladulla,-35.35,150.4667,285.24,73,100,8.27,AU,1696439081
105,keflavik,64.0049,-22.5624,283.1,87,100,2.57,IS,1696439081
106,atafu village,-8.5421,-172.5159,301.3,79,100,5.01,TK,1696439081
107,badger,64.8,-147.5333,270.36,92,75,2.06,US,1696438809
108,sandnessjoen,66.0217,12.6316,279.21,65,75,4.63,NO,1696439081
109,wainwright,52.839,-110.8572,284.66,64,47,10.1,CA,1696439031
110,parola,20.8833,75.1167,298.75,66,100,2.8,IN,1696439082
111,tadmur,34.5608,38.2805,298.4,36,92,3.07,SY,1696439082
112,felege neway,6.3,36.8833,291.76,89,54,2.27,ET,1696439082
113,muroto-misakicho,33.2833,134.15,296.8,79,62,4.2,JP,1696439082
114,georgetown,5.4112,100.3354,300.12,86,20,1.03,MY,1696438889
115,karaton,-6.3424,106.1045,296.64,88,15,0.36,ID,1696439083
116,osorno,-40.5667,-73.15,284.32,76,40,1.03,CL,1696439083
117,sola,-13.8833,167.55,298.79,77,89,11.38,VU,1696439083
118,tougan,13.0667,-3.0667,308.37,33,78,5.41,BF,1696439083
119,hamilton,39.1834,-84.5333,303.27,48,47,2.24,US,1696438857
120,keelung,25.1283,121.7419,300.96,95,100,8.93,TW,1696439084
121,rongelap,11.1635,166.8941,301.9,78,96,6.78,MH,1696439084
122,zabkowice slaskie,50.5897,16.8124,286.79,86,61,2.09,PL,1696439084
123,kingston,17.997,-76.7936,305.68,71,20,2.06,JM,1696438994
124,chela,34.069,104.4619,280.83,94,100,1.48,CN,1696439084
125,nemuro,43.3236,145.575,288.42,83,77,3.59,JP,1696439084
126,los andes,-32.8337,-70.5983,291.49,35,0,2.27,CL,1696438812
127,dvurechensk,56.5982,61.0953,283.53,75,88,3.13,RU,1696439084
128,basoko,1.2391,23.616,297.54,86,38,3.79,CD,1696439084
129,arteche,12.2645,125.4048,298.4,90,87,1.69,PH,1696439085
130,qa'en,33.7265,59.1844,295.25,32,4,1.7,IR,1696439085
131,jingdezhen,29.2947,117.2079,294.21,83,100,2.42,CN,1696439085
132,moyynkum,44.2914,72.9469,288.28,50,32,5.46,KZ,1696439085
133,nicoya,10.1483,-85.452,301.03,80,94,1.75,CR,1696439085
134,avarua,-21.2078,-159.775,296.18,83,75,7.72,CK,1696438841
135,mandapam,9.2833,79.1167,300.63,87,23,12.84,IN,1696439086
136,melfort,52.8667,-104.6177,281.22,76,79,1.03,CA,1696439086
137,remire-montjoly,4.9167,-52.2667,306.17,58,75,6.69,GF,1696439086
138,inverell,-29.7833,151.1167,286.3,90,99,0.89,AU,1696439087
139,ola,59.5833,151.2833,276.71,70,17,1.96,RU,1696439087
140,kerikeri,-35.2268,173.9474,277.54,91,1,1.89,NZ,1696438958
141,singrauli,24.1997,82.6753,296.07,94,85,2.12,IN,1696439087
142,tralee,52.2704,-9.7026,288.29,94,100,6.69,IE,1696439087
143,oppdal,62.5943,9.6912,277.57,93,100,1.5,NO,1696438923
144,baki,-7.6128,110.7839,298.14,78,37,2.8,ID,1696439087
145,la passe,45.5549,-0.8967,295.28,42,99,2.92,FR,1696439088
146,lebu,-37.6167,-73.65,285.84,64,0,6.03,CL,1696439088
147,utrik,11.2278,169.8474,301.47,73,87,6.63,MH,1696439088
148,oamaru,-45.0784,170.9801,284.47,88,100,0.9,NZ,1696439088
149,las tablas,7.7667,-80.2833,299.97,83,98,0.71,PA,1696439089
150,iskateley,67.6803,53.1512,277.05,78,100,9.39,RU,1696439089
151,ouallam,14.3188,2.0866,308.75,28,68,5.08,NE,1696439089
152,khuzdar,27.7384,66.6434,299.03,14,0,2.87,PK,1696439090
153,haimen,23.1935,116.6142,302.09,86,100,1.59,CN,1696439090
154,lewisburg,35.4492,-86.7889,301.57,47,0,4.12,US,1696439090
155,nar'yan-mar,67.6713,53.087,277.1,78,100,9.39,RU,1696439090
156,rorschach,47.478,9.4903,290.21,78,0,1.54,CH,1696439090
157,corner brook,48.9667,-57.9484,285.24,55,78,4.46,CA,1696439091
158,kavieng,-2.5744,150.7967,300.13,80,41,5.46,PG,1696439091
159,qaqortoq,60.7167,-46.0333,276.04,80,100,1.7,GL,1696439091
160,hadibu,12.65,54.0333,300.43,73,2,0.18,YE,1696439091
161,akureyri,65.6835,-18.0878,279.11,81,75,3.09,IS,1696439092
162,arenapolis,-14.4503,-56.8461,313.5,20,43,3.55,BR,1696438907
163,samdari,25.8167,72.5833,302.15,38,1,4.75,IN,1696439092
164,longyearbyen,78.2186,15.6401,272.06,69,75,8.23,SJ,1696439092
165,langepas,61.2544,75.2124,282.38,92,99,5.55,RU,1696439092
166,saipan,15.1355,145.701,300.54,89,40,4.63,MP,1696439092
167,dzuunharaa,48.8523,106.4579,278.54,62,37,1.94,MN,1696439092
168,guerrero negro,27.9769,-114.0611,296.11,64,30,2.4,MX,1696439093
169,mili,6.0815,171.735,301.5,75,32,3.88,MH,1696439093
170,hassi messaoud,31.6804,6.0729,303.07,26,0,3.6,DZ,1696439093
171,maumere,-8.6199,122.2111,298.71,80,7,1.37,ID,1696439093
172,mount isa,-20.7333,139.5,291.02,22,4,7.72,AU,1696439093
173,verkhnevilyuysk,63.4453,120.3167,272.56,87,100,3.58,RU,1696439093
174,tynda,55.1667,124.7167,268.04,92,29,0.94,RU,1696439093
175,adrar,20.5022,-10.0711,311.9,11,81,4.34,MR,1696439093
176,afaahiti,-17.75,-149.2833,298.08,84,66,8.62,PF,1696439094
177,touros,-5.1989,-35.4608,301.81,56,82,6.98,BR,1696439094
178,port elizabeth,-33.918,25.5701,292.65,88,20,4.12,ZA,1696439094
179,zouerate,22.7187,-12.4521,311.77,11,34,5.94,MR,1696439094
180,raja,8.4596,25.678,297.44,81,55,1.49,SS,1696439094
181,margate,51.3813,1.3862,289.76,61,77,1.34,GB,1696438880
182,nguigmi,14.2495,13.1092,307.2,27,39,5.77,NE,1696439095
183,san pedro pochutla,15.7333,-96.4667,300.99,67,100,2.59,MX,1696439095
184,rio gallegos,-51.6226,-69.2181,289.18,33,0,9.77,AR,1696439034
185,luderitz,-26.6481,15.1594,290.49,69,4,7.5,NA,1696439095
186,lihue,21.9789,-159.3672,295.73,94,0,3.09,US,1696439095
187,egilsstadir,65.2653,-14.3948,279.1,65,75,5.14,IS,1696439095
188,ixmiquilpan,20.4833,-99.2333,297.95,52,25,1.11,MX,1696439096
189,grand falls-windsor,48.9332,-55.6649,283.43,60,34,1.34,CA,1696439096
190,tolanaro,-25.0319,46.9987,296.19,68,0,7.2,MG,1696439096
191,coyhaique,-45.5752,-72.0662,286.49,47,40,4.12,CL,1696439096
192,talnakh,69.4865,88.3972,273.82,97,100,1.99,RU,1696439096
193,flying fish cove,-10.4217,105.6791,296.97,88,100,5.66,CX,1696439096
194,al jahra',29.3375,47.6581,309.05,19,2,3.64,KW,1696439097
195,hermanus,-34.4187,19.2345,291.5,84,100,2.94,ZA,1696439097
196,hithadhoo,-0.6,73.0833,300.83,80,29,5.38,MV,1696439098
197,coxim,-18.5067,-54.76,311.61,24,40,5.47,BR,1696439098
198,madalena,41.2162,-8.3345,299.68,69,2,2.88,PT,1696439099
199,lorengau,-2.0226,147.2712,299.9,82,99,4.64,PG,1696438888
200,coquimbo,-29.9533,-71.3436,290.0,63,0,7.2,CL,1696438814
201,vorkuta,67.5,64.0,274.78,85,100,3.45,RU,1696438815
202,haninge,59.1678,18.1448,285.74,75,3,0.45,SE,1696439099
203,malmberget,67.1753,20.6549,274.46,75,75,1.54,SE,1696439099
204,sinan,34.8262,126.1086,293.21,55,96,15.84,KR,1696439099
205,mahenge,-8.6833,36.7167,292.57,68,75,1.39,TZ,1696439099
206,tekeli,44.83,78.8239,282.33,40,59,3.32,KZ,1696439100
207,caraballeda,10.6112,-66.8522,306.19,66,20,3.09,VE,1696439100
208,chonchi,-42.6128,-73.8092,286.55,83,90,0.38,CL,1696438968
209,kaimganj,27.5667,79.35,299.08,49,0,1.91,IN,1696439100
210,sanliurfa,37.2128,38.7817,294.08,31,3,1.19,TR,1696439100
211,saint-francois,46.4154,3.9054,291.84,52,0,1.03,FR,1696438832
212,bamboo flat,11.7,92.7167,299.79,83,100,4.02,IN,1696439100
213,smithers,54.7804,-127.1743,277.33,100,75,0.0,CA,1696439049
214,rosarito,32.3333,-117.0333,299.39,78,2,3.32,MX,1696438806
215,ancud,-41.8697,-73.8203,282.52,81,14,2.99,CL,1696438816
216,dumka,24.2667,87.25,297.58,99,100,3.68,IN,1696439102
217,lerwick,60.1545,-1.1494,284.15,88,100,1.95,GB,1696439102
218,ust-nera,64.5667,143.2,271.6,72,42,1.34,RU,1696439104
219,tagta,41.6504,59.9164,293.12,40,0,3.09,TM,1696439108
220,batangafo,7.3008,18.2833,298.43,82,23,1.05,CF,1696439110
221,siparia,10.1333,-61.5,308.23,63,29,5.69,TT,1696439113
222,hajin,34.6927,40.827,300.54,35,96,1.39,SY,1696439114
223,tamanrasset,22.785,5.5228,296.1,43,40,5.66,DZ,1696438948
224,san patricio,28.017,-97.5169,306.43,57,38,3.89,US,1696439115
225,sechura,-5.5569,-80.8222,299.1,60,69,4.11,PE,1696439115
226,bredasdorp,-34.5322,20.0403,288.89,94,100,2.16,ZA,1696439115
227,palmer,42.1584,-72.3287,302.25,58,0,0.0,US,1696439117
228,st. john's,47.5649,-52.7093,282.97,84,75,8.75,CA,1696439118
229,kalemie,-5.9475,29.1947,297.99,46,78,1.33,CD,1696439118
230,constitucion,-35.3333,-72.4167,288.01,62,1,4.8,CL,1696439118
231,lower hutt,-41.2167,174.9167,285.55,89,80,8.75,NZ,1696439118
232,fale old settlement,-9.3852,-171.2468,301.3,76,100,5.41,TK,1696439118
233,saint-pierre,-21.3393,55.4781,295.97,73,0,6.17,RE,1696439118
234,chittarkonda,18.1167,82.0833,294.91,75,100,0.44,IN,1696439119
235,port mathurin,-19.6833,63.4167,296.86,77,14,4.33,MU,1696439119
236,luwingu,-10.2621,29.9271,298.05,26,28,2.42,ZM,1696439119
237,lobujya,27.95,86.8167,274.25,97,100,0.85,NP,1696439120
238,linden,6.0,-58.3,304.21,60,57,1.85,GY,1696439120
239,vallenar,-28.5708,-70.7581,296.81,19,84,4.45,CL,1696438938
240,erenhot,43.6475,111.9767,281.57,26,0,2.02,CN,1696439120
241,neyyattinkara,8.4,77.0833,300.07,94,100,1.52,IN,1696438985
242,hasaki,35.7333,140.8333,292.2,89,100,5.91,JP,1696439120
243,kapa'a,22.0752,-159.319,296.14,94,0,3.09,US,1696439121
244,berdigestyakh,62.0989,126.6992,271.09,82,32,1.79,RU,1696439121
245,codrington,-38.2667,141.9667,280.98,79,39,5.37,AU,1696439121
246,katsuura,35.1333,140.3,293.08,92,100,3.38,JP,1696439121
247,amga,60.8953,131.9608,267.58,100,87,0.89,RU,1696439121
248,phek,25.6667,94.5,288.4,99,90,0.26,IN,1696439121
249,al wajh,26.2455,36.4525,303.12,58,0,5.14,SA,1696439015
250,holualoa,19.6228,-155.9522,296.97,79,15,3.13,US,1696438872
251,micheweni,-4.9667,39.8333,298.54,83,63,5.14,TZ,1696439122
252,arkhangel'sk,64.5401,40.5433,279.89,79,100,6.21,RU,1696439122
253,shuangyang,43.5242,125.6736,278.63,80,33,5.05,CN,1696439122
254,sao borja,-28.6606,-56.0044,293.12,78,98,6.07,BR,1696438976
255,tahoua,14.8888,5.2692,310.14,25,42,1.54,NE,1696439122
256,weno,7.4515,151.8468,300.12,89,40,1.54,FM,1696439122
257,queenstown,-31.8976,26.8753,299.79,24,59,1.8,ZA,1696438892
258,newman,37.3138,-121.0208,296.64,56,0,1.79,US,1696439123
259,college,64.8569,-147.8028,270.41,90,75,2.06,US,1696439123
260,kulgam,33.65,75.0167,287.07,42,0,1.22,IN,1696439123
261,dazhou,31.2159,107.5009,290.77,95,100,2.7,CN,1696439123
262,pak phanang,8.3511,100.202,299.9,84,97,1.94,TH,1696439123
263,kayangel,8.0823,134.7173,301.31,76,99,5.71,PW,1696439123
264,muisne,0.6,-80.0333,300.05,69,76,4.78,EC,1696439124
265,hammerfest,70.6634,23.6821,276.4,81,75,4.63,NO,1696439124
266,leua,48.2156,18.6071,288.98,52,100,1.82,SK,1696439124
267,enshi,30.3,109.4833,290.63,95,100,2.19,CN,1696439124
268,macapa,0.0389,-51.0664,307.14,52,75,6.17,BR,1696438852
269,yinchuan,38.4681,106.2731,289.36,30,100,1.82,CN,1696439124
270,loukhi,66.0764,33.0381,277.35,96,96,2.23,RU,1696439124
271,isafjordur,66.0755,-23.124,277.17,81,100,1.54,IS,1696439125
272,uzhur,55.3036,89.8339,280.07,67,40,1.52,RU,1696439125
273,yuzhno-kurilsk,44.0306,145.8556,287.25,73,66,5.13,RU,1696439125
274,tughyl,47.7252,84.2063,286.95,65,1,2.87,KZ,1696439125
275,balabac,7.9868,117.0645,300.48,77,100,0.72,PH,1696439125
276,torghay,49.6339,63.4981,286.32,34,95,2.18,KZ,1696439125
277,mount gambier,-37.8333,140.7667,278.65,88,58,3.07,AU,1696439126
278,road town,18.4167,-64.6167,302.2,84,40,7.72,VG,1696439126
279,guanica,17.9716,-66.908,305.2,50,84,3.92,PR,1696439126
280,puerto deseado,-47.7503,-65.8938,287.59,39,0,5.42,AR,1696438897
281,fort bragg,35.139,-79.006,299.23,53,20,5.14,US,1696438862
282,carutapera,-1.195,-46.02,304.67,52,30,5.25,BR,1696439126
283,port isabel,26.0734,-97.2086,308.17,64,20,7.2,US,1696439126
284,thinadhoo,0.5333,72.9333,300.8,80,27,4.07,MV,1696439120
285,moyale,3.5167,39.0584,296.47,60,94,5.15,KE,1696439127
286,sao jose da coroa grande,-8.8978,-35.1478,300.51,60,39,6.12,BR,1696439127
287,lazaro cardenas,17.9583,-102.2,304.09,66,68,1.82,MX,1696439127
288,bojnurd,37.4747,57.329,293.12,52,0,7.2,IR,1696439127
289,thompson,55.7435,-97.8558,281.24,81,75,2.06,CA,1696438897
290,dunedin,-45.8742,170.5036,284.71,99,98,1.34,NZ,1696439127
291,nova xavantina,-14.6667,-52.35,314.36,19,42,2.16,BR,1696439128
292,lochow,52.5308,21.6816,287.0,65,92,6.23,PL,1696439128
293,saynshand,44.8824,110.1163,281.44,28,0,3.85,MN,1696439129
294,rehoboth,-23.3167,17.0833,301.89,24,88,4.54,NA,1696439129
295,zaragoza,41.6561,-0.8773,301.93,38,0,2.57,ES,1696439129
296,fada,9.5667,8.3,297.49,82,60,1.12,NG,1696439129
297,kingscliff,-28.2667,153.5667,295.04,78,100,6.17,AU,1696439130
298,hit,33.6416,42.8251,300.17,40,94,2.59,IQ,1696439131
299,north bend,43.4065,-124.2243,290.46,88,0,3.09,US,1696439113
300,chake chake,-5.2459,39.7666,297.88,85,62,4.33,TZ,1696439131
301,thunder bay,48.4001,-89.3168,295.14,56,75,8.23,CA,1696438990
302,motueka,-41.1333,173.0167,282.09,60,86,1.45,NZ,1696438899
303,ilheus,-14.7889,-39.0494,300.05,78,75,6.69,BR,1696439131
304,salavan,15.7167,106.4167,297.45,97,99,0.97,LA,1696438891
305,ghanzi,-21.5667,21.7833,300.23,10,13,4.29,BW,1696439132
306,port douglas,-16.4833,145.4667,295.7,86,53,1.5,AU,1696439132
307,krasnogorskoye,52.2953,86.1979,281.53,79,1,1.35,RU,1696439132
308,laurel,39.0993,-76.8483,302.18,60,0,3.09,US,1696439132
309,eirunepe,-6.6603,-69.8736,313.3,22,64,1.88,BR,1696439132
310,queimadas,-10.9783,-39.6264,309.7,23,5,3.53,BR,1696439133
311,raton,36.9034,-104.4391,288.49,39,0,2.57,US,1696439133
312,nikolayevsk-on-amure,53.1406,140.73,278.28,96,99,1.83,RU,1696439133
313,saldanha,-33.0117,17.9442,291.18,86,100,3.64,ZA,1696439133
314,beira,-19.8436,34.8389,296.2,56,0,4.12,MZ,1696439133
315,thetford-mines,46.0937,-71.3054,296.21,57,77,2.96,CA,1696439133
316,honcho,35.6931,139.9833,293.72,81,100,3.05,JP,1696439133
317,alofi,-19.0595,-169.9187,295.09,100,100,4.12,NU,1696439134
318,prince rupert,54.3161,-130.3201,283.98,98,100,5.14,CA,1696439134
319,gillette,44.2911,-105.5022,287.66,50,0,3.09,US,1696439134
320,vegreville,53.5001,-112.0518,282.54,76,26,9.77,CA,1696439077
321,joshimath,30.5667,79.5667,289.69,68,4,1.02,IN,1696439134
322,taltal,-25.4,-70.4833,291.84,64,56,4.02,CL,1696439134
323,masterton,-40.9597,175.6575,283.64,91,53,1.51,NZ,1696438958
324,hauterive,46.0901,3.4459,291.57,56,100,2.05,FR,1696439135
325,enewetak,11.3474,162.3373,302.25,77,50,7.42,MH,1696439135
326,banff,51.1762,-115.5698,283.36,62,82,3.09,CA,1696438898
327,catriel,-37.8791,-67.7956,291.79,23,4,4.15,AR,1696439135
328,barberton,-25.7884,31.0532,299.18,36,0,1.35,ZA,1696439135
329,hobyo,5.3505,48.5268,299.59,86,69,7.22,SO,1696439135
330,haiku-pauwela,20.9219,-156.3051,297.62,72,2,1.96,US,1696438859
331,talcahuano,-36.7167,-73.1167,287.97,63,0,4.63,CL,1696438940
332,waimea,20.0231,-155.6717,296.49,86,10,0.99,US,1696439136
333,altay,47.8667,88.1167,282.35,66,70,2.3,CN,1696439136
334,gummi,12.1436,5.1081,303.51,52,99,1.67,NG,1696439136
335,ponta delgada,37.7333,-25.6667,299.37,88,20,4.63,PT,1696439136
336,ghat,24.9647,10.1728,300.92,34,30,4.61,LY,1696439136
337,vilyuysk,63.7553,121.6247,272.04,94,100,4.02,RU,1696439136
338,colonia,50.9333,6.95,290.27,71,0,1.54,DE,1696438909
339,glazunovka,52.4986,36.3275,287.99,90,99,4.42,RU,1696439137
340,spas-klepiki,55.1347,40.1767,287.33,76,100,6.04,RU,1696439137
341,hengchun,22.0042,120.7439,299.65,90,100,18.93,TW,1696439137
342,kurumkan,54.3,110.3,279.89,61,40,2.24,RU,1696439137
343,nuku'alofa,-21.1333,-175.2,293.34,83,75,5.14,TO,1696439137
344,bodaybo,57.8506,114.1933,277.41,97,100,1.94,RU,1696439137
345,shenjiamen,29.9576,122.298,295.81,65,89,8.73,CN,1696439137
346,saint-philippe,-21.3585,55.7679,295.92,81,92,4.47,RE,1696439137
347,lira,2.235,32.9097,295.35,63,62,1.19,UG,1696439137
348,biograd na moru,43.9433,15.4519,295.79,61,95,2.62,HR,1696439138
349,firuzabad,28.8438,52.5707,299.48,21,3,2.67,IR,1696439138
350,maxixe,-23.8597,35.3472,295.05,83,20,3.6,MZ,1696439138
351,kruisfontein,-34.0033,24.7314,291.42,91,27,4.57,ZA,1696439138
352,jiuquan,39.7432,98.5174,286.22,59,91,0.95,CN,1696439138
353,oriximina,-1.7656,-55.8661,311.71,30,100,3.48,BR,1696439138
354,najaf,31.9985,44.3398,302.03,34,20,2.57,IQ,1696438863
355,nowshahr,36.649,51.496,295.12,78,75,0.0,IR,1696439139
356,gizo,-8.103,156.8419,300.27,83,98,3.58,SB,1696439139
357,antsiranana,-12.2787,49.2917,297.43,82,32,8.42,MG,1696439139
358,greenwood,34.1668,-82.1165,300.83,58,20,2.57,US,1696439139
359,izhevsk,56.85,53.2333,286.67,71,94,7.15,RU,1696438881
360,mirny,62.5353,113.9611,273.28,92,97,4.92,RU,1696439139
361,suva,-18.1416,178.4415,294.86,83,75,5.66,FJ,1696439139
362,aguilares,-27.4338,-65.6143,297.61,29,64,1.6,AR,1696439140
363,horta,38.5333,-28.6333,295.95,94,40,4.92,PT,1696439140
364,plastun,44.7561,136.2939,285.98,95,100,1.34,RU,1696439140
365,sucua,-2.4667,-78.1667,304.56,48,75,2.57,EC,1696439140
366,brookings,44.3114,-96.7984,288.25,74,100,8.23,US,1696438841
367,lompoc,34.6391,-120.4579,301.4,59,0,0.45,US,1696438886
368,el granada,37.5027,-122.4694,298.63,53,0,2.06,US,1696439140
369,half moon bay,37.4636,-122.4286,298.62,53,0,2.06,US,1696439140
370,bohain-en-vermandois,49.9873,3.453,287.72,68,91,2.84,FR,1696439141
371,kodinsk,58.6881,99.1844,280.06,97,88,0.38,RU,1696439141
372,anqing,30.5092,117.0506,293.68,66,99,4.76,CN,1696439141
373,tsiombe,-25.3,45.4833,294.58,70,0,4.63,MG,1696439141
374,konarka,19.9,86.1167,301.37,82,100,3.7,IN,1696439141
375,burang,30.25,81.1667,279.46,75,27,2.17,CN,1696439141
376,tsuyama,35.05,134.0,289.72,88,98,1.73,JP,1696439141
377,pandan,14.0453,124.1694,300.2,85,84,4.03,PH,1696439142
378,vila do maio,15.1333,-23.2167,303.59,69,99,2.54,CV,1696439142
379,cabo san lucas,22.8909,-109.9124,306.35,63,75,3.6,MX,1696439142
380,kourou,5.1552,-52.6478,306.18,59,64,5.29,GF,1696439142
381,east london,-33.0153,27.9116,292.67,82,100,4.63,ZA,1696439142
382,tidjikja,18.5564,-11.4271,312.15,13,82,6.34,MR,1696439142
383,happy valley-goose bay,53.3168,-60.3315,280.32,57,40,3.09,CA,1696439143
384,siwa oasis,29.2041,25.5195,301.86,34,69,0.56,EG,1696439143
385,bongaree,-27.0797,153.1586,295.16,87,45,4.28,AU,1696439143
386,zhangjiakou,40.81,114.8794,281.4,31,0,2.54,CN,1696439143
387,boguchany,58.3814,97.4531,281.4,90,98,2.68,RU,1696439143
388,toliara,-23.35,43.6667,296.68,67,0,2.9,MG,1696439143
389,machico,32.7,-16.7667,302.66,69,20,5.66,PT,1696439144
390,chiaravalle,43.6027,13.3246,295.43,71,72,1.03,IT,1696439144
391,decazeville,44.5605,2.2509,294.88,56,99,0.72,FR,1696439144
392,nagqu,31.5,92.0,277.47,85,85,2.87,CN,1696439144
393,alice springs,-23.7,133.8833,282.9,34,0,3.6,AU,1696439144
394,poso,-1.3959,120.7524,297.95,84,2,2.22,ID,1696439144
395,saudarkrokur,65.7461,-19.6394,279.07,72,82,2.15,IS,1696439144
396,son la,21.3167,103.9,295.57,95,81,1.45,VN,1696439145
397,san juan de miraflores,-12.1629,-76.9635,298.24,69,71,3.89,PE,1696439145
398,chadron,42.8294,-102.9999,287.01,60,0,3.09,US,1696439145
399,alekseyevskoye,55.3071,50.1135,286.31,47,62,6.87,RU,1696439145
400,bargaal,11.2864,51.0773,300.77,78,65,3.77,SO,1696439145
401,fort mcmurray,56.7268,-111.381,282.92,87,100,4.63,CA,1696438713
402,bayanhongor,46.7167,100.1167,274.03,47,9,0.87,MN,1696439092
403,villefranche-de-rouergue,44.3333,2.0,292.58,39,100,1.54,FR,1696439146
404,bellevue,47.6104,-122.2007,287.59,90,100,2.06,US,1696439004
405,crane,31.3974,-102.3501,301.38,60,100,7.57,US,1696439146
406,bardai,11.65,7.2333,300.81,50,31,2.22,NG,1696439146
407,arish,31.1316,33.7984,299.2,63,100,4.76,EG,1696439146
408,bonthe,7.5264,-12.505,300.27,79,67,3.62,SL,1696439146
409,tshikapa,-6.4167,20.8,301.38,45,60,1.76,CD,1696439146
410,sal rei,16.1833,-22.9167,303.26,74,75,3.09,CV,1696439146
411,obidos,-1.9175,-55.5181,311.5,29,97,3.49,BR,1696439147
412,liepaja,56.5419,21.0367,288.14,72,20,10.8,LV,1696439147
413,sume,-7.6717,-36.88,307.13,23,4,5.88,BR,1696439147
414,iquique,-20.2208,-70.1431,293.17,70,54,3.09,CL,1696439147
415,baicheng,45.6167,122.8167,278.9,38,0,4.8,CN,1696439147
416,talakan,50.3167,130.3667,277.94,95,100,4.56,RU,1696439147
417,castellammare del golfo,38.0188,12.8858,298.27,63,1,2.6,IT,1696439147
418,el quebrachal,-25.2833,-64.0667,295.69,31,98,5.34,AR,1696439148
419,rio grande,-32.035,-52.0986,293.21,79,99,6.0,BR,1696439148
420,azare,11.6765,10.1948,305.74,29,23,3.34,NG,1696439148
421,weyburn,49.6668,-103.8511,283.27,81,75,2.06,CA,1696439129
422,bel ombre,-4.6167,55.4167,301.06,78,20,5.14,SC,1696439148
423,aitape,-3.1374,142.3475,298.27,85,99,1.34,PG,1696439148
424,kharovsk,59.9642,40.1912,283.91,74,100,8.37,RU,1696439148
425,labrador city,52.9463,-66.9114,278.1,87,100,2.06,CA,1696439149
426,kokopo,-4.352,152.2633,297.84,88,99,2.03,PG,1696439149
427,male,4.1748,73.5089,301.12,89,75,3.09,MV,1696439149
428,bantilan,14.7519,121.6656,300.35,83,100,4.21,PH,1696439149
429,cumming,34.2073,-84.1402,300.28,64,4,3.06,US,1696438977
430,qarazhal,48.0078,70.7903,285.91,53,9,3.07,KZ,1696439149
431,mayfield,36.7417,-88.6367,301.99,28,98,5.58,US,1696439149
432,luzilandia,-3.4578,-42.3703,314.62,19,30,1.79,BR,1696439149
433,pangai,-19.8,-174.35,295.63,70,97,9.9,TO,1696439150
434,kirakira,-10.4544,161.9205,298.56,90,100,4.21,SB,1696439150
435,vila franca do campo,37.7167,-25.4333,299.2,99,64,5.32,PT,1696439150
436,chingola,-12.529,27.8838,297.01,29,31,1.83,ZM,1696439150
437,tofol,5.3248,163.0078,301.35,77,47,3.26,FM,1696439150
438,okha,53.5739,142.9478,279.69,85,100,3.9,RU,1696439150
439,wynyard,-41.0,145.7167,282.58,73,85,5.87,AU,1696439150
440,praia da vitoria,38.7333,-27.0667,297.29,83,40,7.91,PT,1696439151
441,'ain el melh,34.8415,4.1638,298.34,30,3,3.31,DZ,1696439151
442,pasinler,39.9803,41.6764,280.7,78,94,0.32,TR,1696439151
443,sabha,27.0377,14.4283,300.36,26,6,4.25,LY,1696439151
444,bayside,40.8424,-124.0637,291.47,77,0,0.0,US,1696439151
445,pangkalpinang,-2.1333,106.1333,299.24,81,0,3.41,ID,1696439151
446,brigantine,39.4101,-74.3646,300.48,71,0,2.68,US,1696438958
447,ambanja,-13.6833,48.45,298.06,84,40,0.58,MG,1696439152
448,cestos city,5.46,-9.5828,299.94,75,56,4.08,LR,1696439152
449,yaring,6.8662,101.3689,299.04,88,89,3.47,TH,1696439152
450,acarau,-2.8856,-40.12,303.34,56,40,9.32,BR,1696438910
451,sretensk,52.2453,117.7093,275.43,74,13,1.85,RU,1696439152
452,upata,8.0086,-62.3989,309.66,30,67,3.02,VE,1696439152
453,villanueva,15.3167,-88.0,307.06,58,20,2.57,HN,1696439152
454,mantua,45.1667,10.7833,296.47,76,80,2.68,IT,1696439153
455,honiara,-9.4333,159.95,297.94,90,95,3.41,SB,1696439153
456,gamba,-2.65,10.0,298.38,84,78,3.38,GA,1696439153
457,san luis de la loma,17.2706,-100.8939,304.06,65,37,2.23,MX,1696439153
458,sao joao da barra,-21.6403,-41.0511,302.2,85,47,5.75,BR,1696439153
459,namibe,-15.1961,12.1522,293.63,87,30,3.04,AO,1696439153
460,port-vila,-17.7338,168.3219,294.93,88,75,3.09,VU,1696439153
461,lautoka,-17.6167,177.4667,296.07,73,75,5.66,FJ,1696439153
462,vilyuchinsk,52.9306,158.4028,281.44,89,67,2.68,RU,1696439153
463,igarka,67.4667,86.5833,271.63,91,93,3.08,RU,1696439154
464,inarajan village,13.2736,144.7484,299.69,97,100,6.89,GU,1696439154
465,pisco,-13.7,-76.2167,294.27,73,40,4.12,PE,1696439154
466,ingenio la esperanza,-24.2255,-64.839,291.42,41,98,1.06,AR,1696439154
467,tadine,-21.55,167.8833,293.62,65,2,7.85,NC,1696439154
468,sisimiut,66.9395,-53.6735,274.33,77,86,2.1,GL,1696439154
469,nirgua,10.1553,-68.5663,303.29,47,100,2.86,VE,1696439154
470,dalnegorsk,44.5604,135.5701,283.48,93,100,2.24,RU,1696439154
471,orsova,44.7253,22.3961,293.13,63,92,3.2,RO,1696439155
472,priyutnoye,46.1011,43.5072,291.04,42,48,2.5,RU,1696439155
473,ankang,32.68,109.0172,289.14,94,100,1.96,CN,1696439155
474,puerto aysen,-45.4,-72.7,284.1,86,87,2.34,CL,1696439155
475,anamosa,42.1083,-91.2852,297.43,55,69,5.93,US,1696439155
476,athens,37.9795,23.7162,296.66,58,20,2.06,GR,1696438508
477,nouadhibou,20.931,-17.0347,303.14,45,88,7.72,MR,1696439155
478,ca mau,9.1769,105.15,298.2,92,31,1.76,VN,1696439155
479,inhambane,-23.865,35.3833,295.14,83,20,3.6,MZ,1696439156
480,nenjiang,49.1833,125.2167,275.46,52,0,2.62,CN,1696439156
481,dolores,-36.3132,-57.6792,287.51,71,81,8.33,AR,1696439156
482,pikalevo,59.5183,34.1664,283.47,86,100,7.09,RU,1696439156
483,chibougamau,49.9168,-74.3659,297.94,57,0,6.17,CA,1696438946
484,chokwe,-24.5333,32.9833,298.46,44,0,3.91,MZ,1696439156
485,vadso,70.0744,29.7487,275.24,75,20,8.23,NO,1696439156
486,sao geraldo do araguaia,-6.4006,-48.555,314.91,18,14,2.1,BR,1696438901
487,dryden,49.7833,-92.7503,287.31,100,100,5.66,CA,1696439010
488,chegdomyn,51.1167,133.0167,281.11,69,100,0.89,RU,1696439157
489,yacuiba,-22.038,-63.6797,296.58,49,100,6.17,BO,1696439157
490,cockburn town,21.4612,-71.1419,303.13,74,75,3.09,TC,1696438989
491,jumla,29.2747,82.1838,287.34,91,41,0.48,NP,1696438985
492,waddan,29.1614,16.139,299.84,32,68,2.79,LY,1696439157
493,bubaque,11.2833,-15.8333,300.56,73,82,3.49,GW,1696439157
494,klyuchi,52.2667,79.1667,282.48,46,53,1.7,RU,1696439157
495,i-n-salah,27.1935,2.4607,308.09,16,0,8.95,DZ,1696439157
496,rosso,16.4986,-15.8153,305.55,42,100,6.73,SN,1696439158
497,la'ie,21.6477,-157.9253,297.13,76,0,1.03,US,1696439158
498,yangambi,0.8102,24.4336,299.67,66,88,1.03,CD,1696439158
499,concepcion,-36.827,-73.0498,288.04,63,0,4.63,CL,1696439158
500,sayansk,54.1088,102.1648,277.3,75,19,0.81,RU,1696439158
501,minas de marcona,-15.2119,-75.1103,289.44,75,93,5.28,PE,1696439158
502,tambopata,-12.7333,-69.1833,309.09,46,40,4.12,PE,1696439159
503,callao,-12.0667,-77.15,299.1,82,100,2.57,PE,1696439101
504,opuwo,-18.0607,13.84,305.39,14,7,3.95,NA,1696439159
505,novoishimskiy,53.1981,66.7694,285.77,52,88,4.3,KZ,1696439159
506,tura,25.5198,90.2201,295.52,99,100,1.8,IN,1696439159
507,itoman,26.1247,127.6694,302.16,89,40,5.66,JP,1696439159
508,miri,4.4148,114.0089,300.23,94,40,2.57,MY,1696439159
509,kolonia town,6.964,158.206,298.15,100,100,0.0,FM,1696439160
510,ad dabbah,18.05,30.95,310.69,12,1,4.61,SD,1696439160
511,porbandar,21.6422,69.6093,300.17,71,2,4.24,IN,1696439160
512,kidal,18.4411,1.4078,311.21,12,18,2.26,ML,1696439160
513,matoury,4.8483,-52.3317,306.13,58,75,6.69,GF,1696439160
514,broken hill,-31.95,141.4333,281.2,63,3,6.37,AU,1696439160
515,pampa del indio,-26.0647,-59.919,290.76,62,100,4.64,AR,1696439160
516,laojunmiao,39.8333,97.7333,284.06,60,100,1.91,CN,1696439161
517,borzya,50.3833,116.5167,276.33,77,8,3.48,RU,1696439161
518,ciudad lazaro cardenas,17.9583,-102.2,304.09,66,68,1.82,MX,1696439161
519,bayan,46.0833,127.4,277.07,78,39,5.27,CN,1696439161
520,ndende,-2.4008,11.3581,299.32,86,95,2.3,GA,1696439161
521,zeya,53.75,127.2667,272.53,76,2,2.68,RU,1696439162
522,kununurra,-15.7667,128.7333,298.14,83,48,0.0,AU,1696439162
523,al ghayzah,16.2079,52.176,300.24,74,0,3.9,YE,1696439162
524,santo augusto,-27.8508,-53.7772,291.79,93,95,4.71,BR,1696439162
525,urbano santos,-3.2078,-43.4036,313.18,24,46,1.83,BR,1696439162
526,florence,43.7667,11.25,300.5,51,0,2.57,IT,1696438931
527,greymouth,-42.4667,171.2,279.55,84,96,2.31,NZ,1696439162
528,ichnya,50.8626,32.3942,286.94,59,100,3.09,UA,1696439163
529,delray beach,26.4615,-80.0728,305.92,68,40,4.12,US,1696439163
530,bosansko grahovo,44.1794,16.3639,290.73,83,100,2.78,BA,1696439163
531,korla,41.7597,86.1469,292.38,30,33,0.8,CN,1696439163
532,la charite-sur-loire,47.1833,3.0167,292.05,45,97,2.22,FR,1696439163
533,selfoss,63.9331,-20.9971,282.06,77,59,3.16,IS,1696439163
534,pitoa,9.3833,13.5333,304.2,74,97,2.06,CM,1696439163
535,rambha,19.5167,85.1,300.0,68,80,2.22,IN,1696439164
536,shendi,16.6915,33.4341,310.74,14,2,1.0,SD,1696439164
537,howard springs,-12.497,131.047,300.1,84,63,2.53,AU,1696439164
538,mukalla,14.5425,49.1242,301.82,61,5,2.65,YE,1696439164
539,dolinsk,47.35,142.8,286.88,63,100,3.51,RU,1696439164
540,malpe,13.35,74.7167,299.76,87,25,1.6,IN,1696439164
541,luganville,-15.5333,167.1667,297.63,83,100,6.82,VU,1696438888
542,sinabang,2.4803,96.3801,299.29,79,98,3.52,ID,1696439165
543,serdar,38.9764,56.2757,296.54,30,99,1.53,TM,1696439165
544,abong mbang,3.9833,13.1833,296.02,91,92,0.31,CM,1696439165
545,portland,45.5234,-122.6762,288.86,93,100,2.06,US,1696438890
546,conception bay south,47.4999,-52.9981,282.84,81,100,7.81,CA,1696439165
547,santa ana,33.7456,-117.8678,303.4,52,0,2.06,US,1696438626
548,altai,46.3722,96.2583,279.25,44,59,5.11,MN,1696439165
549,dire,12.2833,-10.9667,302.96,75,71,1.46,ML,1696439166
550,gobabis,-22.45,18.9667,300.35,11,0,5.11,NA,1696439166
551,ballina,-28.8667,153.5667,293.47,71,86,4.27,AU,1696439166
552,si chiang mai,17.9564,102.5867,298.9,87,9,0.94,TH,1696439166
553,fort st. john,56.2499,-120.8529,281.09,53,20,3.6,CA,1696439166
554,vila velha,-20.3297,-40.2925,303.12,74,0,7.72,BR,1696439006
555,badiyah,22.45,58.8,302.53,38,6,2.74,OM,1696439167
556,gladenbach,50.7667,8.5667,288.38,78,100,1.41,DE,1696439167
557,al bardiyah,31.7561,25.0865,296.83,64,99,4.05,LY,1696439167
558,broome,42.2506,-75.833,302.04,71,0,1.79,US,1696439167
559,zakynthos,37.7914,20.8953,295.73,68,20,0.0,GR,1696439167
560,faya-largeau,17.9257,19.1043,306.49,22,84,4.7,TD,1696439167
561,kotkapura,30.5819,74.833,298.28,20,0,0.54,IN,1696439168
562,saint-joseph,-21.3667,55.6167,295.36,79,46,4.79,RE,1696439168
563,dzhalagash,45.0833,64.6667,289.05,37,12,3.88,KZ,1696439168
